email,first_name,last_name,user_name,gender,birth_date,password
Meytal@gmail.com,Meytal,Shpitaler,Meyti,Female,1991-05-06,Meytal123$
shahar@gmail.com,Shahar,Shpitaler,ShaharShpi,Female,1991-05-06,Shahar1234%
Saar@gmail.com,Saar,Schechter,Saar,Male,1991-05-06,SaarSaar9$
Racheli@gmail.com,Racheli,Eliyahu,Racheli,Female,1991-05-06,Racheli123#
DanaCohen@gmail.com,Dana,Cohen,Dani,Other,1991-05-06,DanDan1234#
Noa@gmail.com,Noa,Tug,NoaTug,Female,1991-05-06,NoaTug123$
Yarden@gmail.com,Yarden,Ventura,Jordi,Female,1991-05-06,Jordi1997&
Tamar@gmail.com,Tamar,Primo,PrimoT,Female,1991-05-06,Tamari123#
